Stock,Count
ability,6
airbnb,55
age,89
apps,9
b,102
bac,636
best,176
big,639
bite,6
blue,38
cap,291
care,13
cash,115
cciv,81
coke,140
core,70
cost,5
dd,314
deck,81
eat,63
echo,51
edit,668
exp,5
eye,70
fact,186
facebook,85
fds,53
fly,13
free,300
fun,5
g,13
gain,233
guess,124
gme,1284
gamestop,348
good,567
grow,6
hes,36
home,55
hope,54
huge,285
id,202
imo,52
info,10
key,90
life,54
live,63
lmao,27
loop,70
love,195
low,240
m,70
mass,6
mattel,55
meet,55
mic,5
mind,58
mod,190
mr,180
net,140
new,314
nok,26
oi,70
open,903
peak,20
play,151
post,662
rare,38
real,55
rh,59
ride,26
rose,159
run,345
safe,53
salt,6
sand,81
save,1
snap,55
son,63
stay,134
true,93
tesla,72
twitter,305
work,118
